target,best_score,batch_size,mutation_rate
38667,30756,5,0.0
44321,38349,5,0.0
48073,43191,5,0.0
49784,48681,5,0.0
35770,22570,5,0.0
45176,37401,5,0.0
50428,42562,5,0.0
47153,47013,5,0.0
39180,27230,5,0.0
41567,30008,5,0.0
13813,7507,5,0.0
33621,20362,5,0.0
43182,28665,5,0.0
45967,36932,5,0.0
43222,32427,5,0.0
46847,41606,5,0.0
59121,50849,5,0.0
25679,16222,5,0.0
43413,39510,5,0.0
37444,27092,5,0.0
47488,44825,5,0.0
40704,32642,5,0.0
50757,42903,5,0.0
45571,30783,5,0.0
18186,3850,5,0.0
41596,26036,5,0.0
55841,53219,5,0.0
31840,21675,5,0.0
43131,28143,5,0.0
38758,29567,5,0.0
43208,40522,5,0.0
50742,47158,5,0.0
45119,41971,5,0.0
53207,48917,5,0.0
39321,23377,5,0.0
46883,46140,5,0.0
33666,24835,5,0.0
50603,46700,5,0.0
43343,38241,5,0.0
18007,5222,5,0.0
52258,46888,5,0.0
27772,19341,5,0.0
55122,51738,5,0.0
51393,47943,5,0.0
56332,54700,5,0.0
19901,4799,5,0.0
53330,49155,5,0.0
15470,5782,5,0.0
34572,24121,5,0.0
38667,37903,5,0.01
25628,15830,5,0.0
44321,43418,5,0.01
48073,47875,5,0.01
45176,44518,5,0.01
35770,34849,5,0.01
49784,49784,5,0.01
50428,49990,5,0.01
47153,47153,5,0.01
39180,38746,5,0.01
41567,41137,5,0.01
13813,13680,5,0.01
33621,32698,5,0.01
43182,42639,5,0.01
45967,45733,5,0.01
43222,43222,5,0.01
46847,46668,5,0.01
59121,58718,5,0.01
25679,24680,5,0.01
43413,43413,5,0.01
37444,36779,5,0.01
47488,47488,5,0.01
50757,50757,5,0.01
40704,40186,5,0.01
45571,45207,5,0.01
18186,18186,5,0.01
41596,40529,5,0.01
55841,55841,5,0.01
31840,31706,5,0.01
43131,42991,5,0.01
38758,37944,5,0.01
43208,43208,5,0.01
50742,50742,5,0.01
45119,45119,5,0.01
53207,53207,5,0.01
39321,39321,5,0.01
46883,46883,5,0.01
33666,32839,5,0.01
50603,50225,5,0.01
43343,43139,5,0.01
18007,17826,5,0.01
52258,52258,5,0.01
27772,26931,5,0.01
55122,55122,5,0.01
51393,51393,5,0.01
56332,56332,5,0.01
19901,19613,5,0.01
53330,53023,5,0.01
15470,15470,5,0.01
34572,34056,5,0.01
25628,25310,5,0.01
38667,38208,5,0.02
44321,43115,5,0.02
48073,47929,5,0.02
49784,49784,5,0.02
35770,34859,5,0.02
45176,44460,5,0.02
50428,50428,5,0.02
47153,47153,5,0.02
39180,38907,5,0.02
41567,40951,5,0.02
13813,13813,5,0.02
33621,33266,5,0.02
43182,42224,5,0.02
45967,45967,5,0.02
43222,42825,5,0.02
46847,46550,5,0.02
59121,58718,5,0.02
25679,25230,5,0.02
43413,43413,5,0.02
37444,36863,5,0.02
47488,47346,5,0.02
50757,50420,5,0.02
40704,39533,5,0.02
45571,45113,5,0.02
18186,18186,5,0.02
41596,41006,5,0.02
31840,31262,5,0.02
55841,55841,5,0.02
43131,42545,5,0.02
38758,37984,5,0.02
50742,50627,5,0.02
45119,45119,5,0.02
43208,43208,5,0.02
53207,53158,5,0.02
39321,39005,5,0.02
46883,46883,5,0.02
33666,33133,5,0.02
50603,50491,5,0.02
43343,43092,5,0.02
18007,17826,5,0.02
52258,52078,5,0.02
27772,26813,5,0.02
55122,55122,5,0.02
51393,51393,5,0.02
56332,56332,5,0.02
19901,19901,5,0.02
53330,53023,5,0.02
15470,15373,5,0.02
34572,33840,5,0.02
25628,24850,5,0.02
38667,36929,5,0.04
44321,43184,5,0.04
48073,47875,5,0.04
49784,49489,5,0.04
35770,33374,5,0.04
45176,42991,5,0.04
50428,49024,5,0.04
47153,47105,5,0.04
39180,37458,5,0.04
41567,39923,5,0.04
13813,13813,5,0.04
33621,32379,5,0.04
43182,41282,5,0.04
45967,45321,5,0.04
43222,42305,5,0.04
46847,45648,5,0.04
59121,57942,5,0.04
25679,24245,5,0.04
43413,42983,5,0.04
37444,35216,5,0.04
47488,46715,5,0.04
50757,49812,5,0.04
40704,40027,5,0.04
45571,44540,5,0.04
18186,18186,5,0.04
41596,39972,5,0.04
55841,54946,5,0.04
31840,29935,5,0.04
43131,42141,5,0.04
38758,36975,5,0.04
43208,42206,5,0.04
50742,50461,5,0.04
45119,44428,5,0.04
53207,52714,5,0.04
39321,37559,5,0.04
46883,46748,5,0.04
33666,32146,5,0.04
50603,49899,5,0.04
43343,42576,5,0.04
18007,17826,5,0.04
52258,51350,5,0.04
27772,26207,5,0.04
55122,54524,5,0.04
51393,51214,5,0.04
56332,56125,5,0.04
19901,19901,5,0.04
53330,51746,5,0.04
15470,15470,5,0.04
34572,32981,5,0.04
25628,24498,5,0.04
38667,35352,5,0.08
44321,40677,5,0.08
48073,45539,5,0.08
49784,48144,5,0.08
35770,32381,5,0.08
45176,42733,5,0.08
50428,46972,5,0.08
47153,47013,5,0.08
39180,35763,5,0.08
41567,39165,5,0.08
13813,13813,5,0.08
33621,30798,5,0.08
43182,40567,5,0.08
45967,44306,5,0.08
43222,40261,5,0.08
46847,44297,5,0.08
59121,54903,5,0.08
25679,23571,5,0.08
43413,41622,5,0.08
37444,33702,5,0.08
47488,45985,5,0.08
50757,47993,5,0.08
40704,38267,5,0.08
45571,42225,5,0.08
18186,17996,5,0.08
41596,39176,5,0.08
55841,54624,5,0.08
31840,29866,5,0.08
43131,40050,5,0.08
38758,35523,5,0.08
43208,41669,5,0.08
50742,48217,5,0.08
45119,41911,5,0.08
53207,50706,5,0.08
39321,35866,5,0.08
46883,46035,5,0.08
33666,31846,5,0.08
50603,48793,5,0.08
43343,40857,5,0.08
18007,18007,5,0.08
52258,50412,5,0.08
27772,25738,5,0.08
55122,53032,5,0.08
51393,50354,5,0.08
56332,55881,5,0.08
19901,19643,5,0.08
53330,51647,5,0.08
15470,15470,5,0.08
34572,32726,5,0.08
25628,24384,5,0.08
38667,35160,5,0.16
44321,40314,5,0.16
48073,44251,5,0.16
49784,49132,5,0.16
35770,32883,5,0.16
45176,39451,5,0.16
50428,44450,5,0.16
47153,46207,5,0.16
39180,34842,5,0.16
41567,38662,5,0.16
13813,13680,5,0.16
33621,30240,5,0.16
43182,37677,5,0.16
45967,41278,5,0.16
46847,42586,5,0.16
43222,38075,5,0.16
59121,52287,5,0.16
25679,23774,5,0.16
43413,41950,5,0.16
37444,34414,5,0.16
47488,44795,5,0.16
50757,46345,5,0.16
40704,37454,5,0.16
45571,41039,5,0.16
18186,17601,5,0.16
41596,38870,5,0.16
55841,53206,5,0.16
31840,28475,5,0.16
43131,39684,5,0.16
38758,36055,5,0.16
43208,39658,5,0.16
50742,47446,5,0.16
45119,41615,5,0.16
53207,48099,5,0.16
39321,34538,5,0.16
46883,46299,5,0.16
33666,30249,5,0.16
50603,47875,5,0.16
43343,39933,5,0.16
18007,17586,5,0.16
52258,50354,5,0.16
27772,25305,5,0.16
55122,51269,5,0.16
51393,47615,5,0.16
56332,53851,5,0.16
19901,19901,5,0.16
53330,51164,5,0.16
15470,15470,5,0.16
34572,31312,5,0.16
25628,24638,5,0.16
38667,33711,5,0.32
44321,39195,5,0.32
48073,45997,5,0.32
49784,49407,5,0.32
35770,30643,5,0.32
45176,39529,5,0.32
50428,44676,5,0.32
47153,47118,5,0.32
39180,35158,5,0.32
41567,36031,5,0.32
13813,9707,5,0.32
33621,29725,5,0.32
43182,37772,5,0.32
45967,41890,5,0.32
43222,36836,5,0.32
46847,41079,5,0.32
59121,52032,5,0.32
25679,23425,5,0.32
43413,37767,5,0.32
37444,33374,5,0.32
50757,46910,5,0.32
47488,42960,5,0.32
40704,35681,5,0.32
18186,14455,5,0.32
45571,39138,5,0.32
41596,36569,5,0.32
55841,51310,5,0.32
31840,27973,5,0.32
43131,36665,5,0.32
38758,34527,5,0.32
50742,46752,5,0.32
43208,39225,5,0.32
45119,40314,5,0.32
53207,49473,5,0.32
39321,34294,5,0.32
46883,46750,5,0.32
33666,29868,5,0.32
50603,47988,5,0.32
43343,38867,5,0.32
18007,10771,5,0.32
52258,47353,5,0.32
27772,24827,5,0.32
55122,49355,5,0.32
51393,45218,5,0.32
56332,53011,5,0.32
19901,13432,5,0.32
53330,49287,5,0.32
15470,11125,5,0.32
34572,32186,5,0.32
25628,22096,5,0.32
38667,34927,10,0.0
44321,35464,10,0.0
48073,44612,10,0.0
49784,48688,10,0.0
35770,27956,10,0.0
45176,38561,10,0.0
50428,39585,10,0.0
47153,47118,10,0.0
39180,29016,10,0.0
41567,34414,10,0.0
13813,7766,10,0.0
33621,25729,10,0.0
43182,30571,10,0.0
45967,42717,10,0.0
43222,37785,10,0.0
46847,40410,10,0.0
59121,54433,10,0.0
25679,19114,10,0.0
43413,41211,10,0.0
37444,30573,10,0.0
47488,43725,10,0.0
50757,49215,10,0.0
40704,32110,10,0.0
45571,38475,10,0.0
18186,4008,10,0.0
41596,35101,10,0.0
55841,53372,10,0.0
31840,23029,10,0.0
43131,33621,10,0.0
38758,31901,10,0.0
43208,39730,10,0.0
50742,48668,10,0.0
45119,42761,10,0.0
53207,49670,10,0.0
39321,30952,10,0.0
46883,46035,10,0.0
33666,26287,10,0.0
50603,49216,10,0.0
43343,36362,10,0.0
18007,8247,10,0.0
52258,50889,10,0.0
27772,20768,10,0.0
55122,52911,10,0.0
51393,49412,10,0.0
56332,55401,10,0.0
19901,9982,10,0.0
53330,50573,10,0.0
15470,9868,10,0.0
34572,24981,10,0.0
25628,17987,10,0.0
38667,38208,10,0.01
44321,43699,10,0.01
48073,48073,10,0.01
49784,49784,10,0.01
35770,34932,10,0.01
45176,45176,10,0.01
50428,50428,10,0.01
47153,47153,10,0.01
39180,39180,10,0.01
41567,41479,10,0.01
13813,11009,10,0.01
33621,33224,10,0.01
43182,42221,10,0.01
45967,45624,10,0.01
43222,42992,10,0.01
46847,46668,10,0.01
59121,59121,10,0.01
25679,25375,10,0.01
43413,43384,10,0.01
37444,36863,10,0.01
47488,47488,10,0.01
40704,40210,10,0.01
45571,45571,10,0.01
50757,50757,10,0.01
18186,18186,10,0.01
41596,41596,10,0.01
55841,55775,10,0.01
31840,31840,10,0.01
43131,43017,10,0.01
38758,38090,10,0.01
43208,42974,10,0.01
50742,50742,10,0.01
45119,45119,10,0.01
53207,53207,10,0.01
39321,39129,10,0.01
46883,46883,10,0.01
33666,32969,10,0.01
50603,50603,10,0.01
43343,43192,10,0.01
18007,17186,10,0.01
52258,52258,10,0.01
27772,27448,10,0.01
55122,55122,10,0.01
51393,51393,10,0.01
56332,56332,10,0.01
19901,19623,10,0.01
53330,53023,10,0.01
15470,15470,10,0.01
34572,34264,10,0.01
25628,25628,10,0.01
38667,38438,10,0.02
44321,44065,10,0.02
48073,48073,10,0.02
49784,49784,10,0.02
35770,35770,10,0.02
45176,44820,10,0.02
50428,50428,10,0.02
47153,47153,10,0.02
41567,41479,10,0.02
39180,39021,10,0.02
33621,33086,10,0.02
13813,13813,10,0.02
43182,43089,10,0.02
45967,45967,10,0.02
43222,43056,10,0.02
46847,46681,10,0.02
59121,59121,10,0.02
43413,43413,10,0.02
25679,25587,10,0.02
37444,37085,10,0.02
47488,47488,10,0.02
50757,50757,10,0.02
40704,40563,10,0.02
45571,45571,10,0.02
41596,41245,10,0.02
18186,18186,10,0.02
55841,55841,10,0.02
31840,31527,10,0.02
43131,42991,10,0.02
38758,38259,10,0.02
43208,43208,10,0.02
45119,45119,10,0.02
50742,50742,10,0.02
53207,53207,10,0.02
39321,39156,10,0.02
46883,46883,10,0.02
33666,33561,10,0.02
50603,50603,10,0.02
43343,43192,10,0.02
18007,18007,10,0.02
52258,52258,10,0.02
27772,27389,10,0.02
55122,55122,10,0.02
56332,56332,10,0.02
51393,51393,10,0.02
19901,19901,10,0.02
53330,53270,10,0.02
15470,15470,10,0.02
34572,34572,10,0.02
25628,25224,10,0.02
44321,42794,10,0.04
38667,38205,10,0.04
48073,47768,10,0.04
49784,49327,10,0.04
35770,33935,10,0.04
45176,44285,10,0.04
50428,50278,10,0.04
47153,46873,10,0.04
39180,37949,10,0.04
41567,40708,10,0.04
13813,13813,10,0.04
33621,32612,10,0.04
43182,41742,10,0.04
45967,45239,10,0.04
43222,42322,10,0.04
46847,46302,10,0.04
59121,57624,10,0.04
25679,24881,10,0.04
43413,43224,10,0.04
47488,46827,10,0.04
37444,35537,10,0.04
50757,50081,10,0.04
40704,40158,10,0.04
45571,44666,10,0.04
18186,18186,10,0.04
41596,39761,10,0.04
31840,31188,10,0.04
55841,55552,10,0.04
38758,37863,10,0.04
43131,41863,10,0.04
43208,42559,10,0.04
50742,50442,10,0.04
45119,44478,10,0.04
39321,38169,10,0.04
53207,52725,10,0.04
46883,46827,10,0.04
33666,32903,10,0.04
50603,50603,10,0.04
43343,42407,10,0.04
18007,18007,10,0.04
27772,26795,10,0.04
52258,52078,10,0.04
55122,54735,10,0.04
51393,50716,10,0.04
56332,55766,10,0.04
19901,19901,10,0.04
53330,52631,10,0.04
15470,15373,10,0.04
34572,33522,10,0.04
25628,25145,10,0.04
38667,36704,10,0.08
44321,42580,10,0.08
48073,45952,10,0.08
49784,48688,10,0.08
35770,32970,10,0.08
45176,41918,10,0.08
50428,47260,10,0.08
47153,47153,10,0.08
39180,35281,10,0.08
41567,40109,10,0.08
13813,13582,10,0.08
33621,31617,10,0.08
43182,39022,10,0.08
45967,43509,10,0.08
43222,40657,10,0.08
46847,45271,10,0.08
59121,53984,10,0.08
25679,24967,10,0.08
43413,42453,10,0.08
37444,34409,10,0.08
47488,45729,10,0.08
50757,47953,10,0.08
40704,38398,10,0.08
45571,43013,10,0.08
18186,18001,10,0.08
41596,38034,10,0.08
55841,53950,10,0.08
31840,29114,10,0.08
43131,39242,10,0.08
38758,37086,10,0.08
43208,41187,10,0.08
50742,49193,10,0.08
45119,44558,10,0.08
53207,50963,10,0.08
39321,36277,10,0.08
46883,46593,10,0.08
33666,31516,10,0.08
50603,48470,10,0.08
43343,41393,10,0.08
18007,17826,10,0.08
52258,50380,10,0.08
27772,27066,10,0.08
55122,51961,10,0.08
51393,48996,10,0.08
56332,54570,10,0.08
19901,19643,10,0.08
53330,50062,10,0.08
15470,15102,10,0.08
34572,32516,10,0.08
25628,24442,10,0.08
38667,35564,10,0.16
44321,39584,10,0.16
48073,45058,10,0.16
49784,48950,10,0.16
35770,32352,10,0.16
45176,41336,10,0.16
50428,46548,10,0.16
47153,47013,10,0.16
39180,35167,10,0.16
41567,39178,10,0.16
13813,13493,10,0.16
33621,30909,10,0.16
43182,40431,10,0.16
45967,42305,10,0.16
43222,37595,10,0.16
46847,43183,10,0.16
59121,52808,10,0.16
25679,23342,10,0.16
43413,40989,10,0.16
37444,33876,10,0.16
47488,45284,10,0.16
50757,47883,10,0.16
40704,35845,10,0.16
45571,39524,10,0.16
18186,17839,10,0.16
41596,37281,10,0.16
55841,52219,10,0.16
31840,29333,10,0.16
43131,37434,10,0.16
38758,35449,10,0.16
43208,40366,10,0.16
50742,48377,10,0.16
45119,42040,10,0.16
53207,49663,10,0.16
39321,34784,10,0.16
46883,46881,10,0.16
33666,30388,10,0.16
50603,47714,10,0.16
43343,40005,10,0.16
18007,18007,10,0.16
52258,49971,10,0.16
27772,25724,10,0.16
55122,51263,10,0.16
51393,48166,10,0.16
56332,54180,10,0.16
19901,19534,10,0.16
53330,49000,10,0.16
15470,14699,10,0.16
34572,32360,10,0.16
25628,25049,10,0.16
38667,34714,10,0.32
44321,38505,10,0.32
48073,42689,10,0.32
49784,47950,10,0.32
35770,30854,10,0.32
45176,39620,10,0.32
50428,42881,10,0.32
47153,47087,10,0.32
39180,33166,10,0.32
41567,37107,10,0.32
13813,9774,10,0.32
33621,29488,10,0.32
43182,37660,10,0.32
45967,40438,10,0.32
43222,37671,10,0.32
46847,42143,10,0.32
59121,52254,10,0.32
25679,22737,10,0.32
37444,32828,10,0.32
43413,39959,10,0.32
47488,43707,10,0.32
50757,44427,10,0.32
40704,36206,10,0.32
45571,39234,10,0.32
18186,11406,10,0.32
41596,35513,10,0.32
55841,51783,10,0.32
31840,27762,10,0.32
43131,38165,10,0.32
38758,33982,10,0.32
43208,41427,10,0.32
50742,48745,10,0.32
45119,40876,10,0.32
53207,50045,10,0.32
39321,34220,10,0.32
46883,46350,10,0.32
33666,30137,10,0.32
50603,47406,10,0.32
43343,39387,10,0.32
18007,12964,10,0.32
52258,48400,10,0.32
27772,25562,10,0.32
55122,50517,10,0.32
51393,48285,10,0.32
56332,55353,10,0.32
19901,12596,10,0.32
53330,47825,10,0.32
15470,11338,10,0.32
34572,32056,10,0.32
25628,23230,10,0.32
38667,34211,20,0.0
44321,36808,20,0.0
48073,46089,20,0.0
49784,49671,20,0.0
35770,31463,20,0.0
45176,40376,20,0.0
50428,46060,20,0.0
47153,47087,20,0.0
39180,32955,20,0.0
41567,38577,20,0.0
13813,9679,20,0.0
33621,24446,20,0.0
43182,36934,20,0.0
45967,43245,20,0.0
46847,44207,20,0.0
43222,38477,20,0.0
59121,56302,20,0.0
25679,20590,20,0.0
43413,42283,20,0.0
37444,34618,20,0.0
47488,46198,20,0.0
50757,46846,20,0.0
40704,37059,20,0.0
45571,38964,20,0.0
18186,12310,20,0.0
41596,38752,20,0.0
55841,55502,20,0.0
31840,28283,20,0.0
43131,40898,20,0.0
43208,42104,20,0.0
50742,50359,20,0.0
38758,34090,20,0.0
53207,51434,20,0.0
45119,43165,20,0.0
39321,34816,20,0.0
33666,29275,20,0.0
46883,46883,20,0.0
43343,41170,20,0.0
50603,48709,20,0.0
18007,11089,20,0.0
52258,51508,20,0.0
27772,25446,20,0.0
55122,53048,20,0.0
51393,50066,20,0.0
56332,56332,20,0.0
19901,13593,20,0.0
53330,51795,20,0.0
15470,11702,20,0.0
34572,31766,20,0.0
25628,21213,20,0.0
38667,38438,20,0.01
44321,43668,20,0.01
48073,47929,20,0.01
49784,49784,20,0.01
35770,35770,20,0.01
45176,44554,20,0.01
50428,50428,20,0.01
47153,47153,20,0.01
39180,38911,20,0.01
41567,41305,20,0.01
13813,13582,20,0.01
33621,33621,20,0.01
43182,43089,20,0.01
45967,45810,20,0.01
43222,43222,20,0.01
46847,46847,20,0.01
59121,59121,20,0.01
25679,24481,20,0.01
43413,43384,20,0.01
37444,36741,20,0.01
47488,47488,20,0.01
50757,50355,20,0.01
40704,40207,20,0.01
45571,45476,20,0.01
18186,16524,20,0.01
41596,41166,20,0.01
55841,55823,20,0.01
31840,31651,20,0.01
43131,42752,20,0.01
38758,37172,20,0.01
43208,42974,20,0.01
50742,50742,20,0.01
53207,53207,20,0.01
45119,44948,20,0.01
39321,39219,20,0.01
46883,46883,20,0.01
33666,32812,20,0.01
50603,50225,20,0.01
43343,43343,20,0.01
18007,18007,20,0.01
52258,52258,20,0.01
27772,27399,20,0.01
55122,55004,20,0.01
51393,51190,20,0.01
56332,56332,20,0.01
19901,19613,20,0.01
53330,53023,20,0.01
15470,14466,20,0.01
34572,34056,20,0.01
25628,24976,20,0.01
38667,38667,20,0.02
44321,44065,20,0.02
48073,48060,20,0.02
49784,49784,20,0.02
35770,35770,20,0.02
45176,45176,20,0.02
50428,50428,20,0.02
47153,47153,20,0.02
39180,39180,20,0.02
41567,41567,20,0.02
13813,13680,20,0.02
33621,33154,20,0.02
43182,43182,20,0.02
45967,45967,20,0.02
43222,43095,20,0.02
46847,46847,20,0.02
59121,59121,20,0.02
25679,25404,20,0.02
43413,43413,20,0.02
37444,37242,20,0.02
47488,47488,20,0.02
50757,50757,20,0.02
40704,40633,20,0.02
45571,45571,20,0.02
18186,18186,20,0.02
41596,41095,20,0.02
55841,55841,20,0.02
31840,31632,20,0.02
38758,38515,20,0.02
43131,43017,20,0.02
43208,43208,20,0.02
50742,50742,20,0.02
45119,45119,20,0.02
53207,53207,20,0.02
39321,39253,20,0.02
46883,46883,20,0.02
50603,50603,20,0.02
18007,17826,20,0.02
43343,43343,20,0.02
33666,33561,20,0.02
52258,52258,20,0.02
27772,27512,20,0.02
55122,55122,20,0.02
51393,51393,20,0.02
19901,19643,20,0.02
56332,56332,20,0.02
53330,53330,20,0.02
15470,15470,20,0.02
34572,34523,20,0.02
25628,25505,20,0.02
38667,37450,20,0.04
44321,42979,20,0.04
48073,47910,20,0.04
49784,49671,20,0.04
35770,34551,20,0.04
45176,44489,20,0.04
50428,50083,20,0.04
47153,47118,20,0.04
39180,37980,20,0.04
41567,40928,20,0.04
13813,13813,20,0.04
33621,32617,20,0.04
43182,42214,20,0.04
45967,45463,20,0.04
43222,41794,20,0.04
46847,46185,20,0.04
59121,58227,20,0.04
25679,24493,20,0.04
43413,43205,20,0.04
37444,36909,20,0.04
47488,47009,20,0.04
50757,50757,20,0.04
40704,39239,20,0.04
45571,45043,20,0.04
18186,17958,20,0.04
41596,40397,20,0.04
55841,55651,20,0.04
31840,30957,20,0.04
43131,42598,20,0.04
38758,37679,20,0.04
43208,42946,20,0.04
50742,50447,20,0.04
45119,44632,20,0.04
53207,52951,20,0.04
39321,38323,20,0.04
46883,46883,20,0.04
33666,32588,20,0.04
50603,49815,20,0.04
43343,42577,20,0.04
18007,18007,20,0.04
52258,52004,20,0.04
27772,26425,20,0.04
51393,51214,20,0.04
55122,54824,20,0.04
56332,56132,20,0.04
19901,19643,20,0.04
53330,52952,20,0.04
15470,15310,20,0.04
34572,33790,20,0.04
25628,25310,20,0.04
38667,36957,20,0.08
44321,42758,20,0.08
48073,46125,20,0.08
49784,49323,20,0.08
35770,33595,20,0.08
45176,43353,20,0.08
47153,47118,20,0.08
50428,48102,20,0.08
39180,35962,20,0.08
41567,39438,20,0.08
13813,13813,20,0.08
33621,32224,20,0.08
43182,39232,20,0.08
45967,44024,20,0.08
43222,40569,20,0.08
46847,43953,20,0.08
59121,55019,20,0.08
25679,24119,20,0.08
43413,41637,20,0.08
37444,36033,20,0.08
50757,48689,20,0.08
47488,45966,20,0.08
40704,37432,20,0.08
45571,43543,20,0.08
18186,17839,20,0.08
55841,53697,20,0.08
41596,39045,20,0.08
31840,29685,20,0.08
43131,40744,20,0.08
38758,36069,20,0.08
43208,41719,20,0.08
50742,49605,20,0.08
45119,42908,20,0.08
53207,52543,20,0.08
39321,36121,20,0.08
46883,46750,20,0.08
33666,31182,20,0.08
50603,49004,20,0.08
43343,41637,20,0.08
18007,17826,20,0.08
52258,50931,20,0.08
27772,26551,20,0.08
55122,52702,20,0.08
51393,50088,20,0.08
56332,55351,20,0.08
19901,19901,20,0.08
15470,15470,20,0.08
53330,51264,20,0.08
34572,32789,20,0.08
25628,24910,20,0.08
38667,34443,20,0.16
44321,39846,20,0.16
48073,44231,20,0.16
35770,31802,20,0.16
49784,48972,20,0.16
50428,46148,20,0.16
45176,41598,20,0.16
47153,47153,20,0.16
39180,35971,20,0.16
41567,37779,20,0.16
33621,29566,20,0.16
13813,13557,20,0.16
43182,37839,20,0.16
45967,43944,20,0.16
43222,38926,20,0.16
46847,42443,20,0.16
25679,24789,20,0.16
59121,55952,20,0.16
43413,40290,20,0.16
37444,33563,20,0.16
47488,44217,20,0.16
50757,47266,20,0.16
40704,36446,20,0.16
18186,16901,20,0.16
41596,37770,20,0.16
45571,39571,20,0.16
55841,54441,20,0.16
31840,28449,20,0.16
43131,37578,20,0.16
38758,36195,20,0.16
50742,49056,20,0.16
43208,40761,20,0.16
45119,42722,20,0.16
53207,52788,20,0.16
39321,36128,20,0.16
46883,46883,20,0.16
33666,30185,20,0.16
43343,40132,20,0.16
50603,48091,20,0.16
18007,17826,20,0.16
52258,49677,20,0.16
27772,26528,20,0.16
55122,52319,20,0.16
51393,49859,20,0.16
19901,19613,20,0.16
56332,53958,20,0.16
53330,49710,20,0.16
15470,15102,20,0.16
25628,25185,20,0.16
34572,32284,20,0.16
38667,35002,20,0.32
44321,39939,20,0.32
48073,44600,20,0.32
49784,48470,20,0.32
35770,31771,20,0.32
50428,45627,20,0.32
47153,47118,20,0.32
45176,39331,20,0.32
39180,35450,20,0.32
13813,7344,20,0.32
41567,39221,20,0.32
33621,30474,20,0.32
45967,40716,20,0.32
43182,39174,20,0.32
43222,37898,20,0.32
46847,41461,20,0.32
25679,24129,20,0.32
59121,53323,20,0.32
43413,40326,20,0.32
37444,32638,20,0.32
50757,47137,20,0.32
47488,44737,20,0.32
40704,35009,20,0.32
18186,11245,20,0.32
45571,37823,20,0.32
41596,36069,20,0.32
55841,51937,20,0.32
31840,27391,20,0.32
43131,37934,20,0.32
38758,34953,20,0.32
43208,38910,20,0.32
50742,48432,20,0.32
45119,42289,20,0.32
39321,33859,20,0.32
53207,49539,20,0.32
46883,46883,20,0.32
33666,29424,20,0.32
50603,47940,20,0.32
43343,38127,20,0.32
18007,10073,20,0.32
27772,25643,20,0.32
52258,48662,20,0.32
55122,51870,20,0.32
56332,54280,20,0.32
51393,50072,20,0.32
19901,9244,20,0.32
53330,51028,20,0.32
25628,21889,20,0.32
34572,31817,20,0.32
15470,12658,20,0.32
44321,41704,40,0.0
38667,36735,40,0.0
48073,47255,40,0.0
49784,49407,40,0.0
35770,34325,40,0.0
45176,42306,40,0.0
50428,49971,40,0.0
39180,36217,40,0.0
47153,47105,40,0.0
41567,40259,40,0.0
13813,12344,40,0.0
33621,31423,40,0.0
43182,39195,40,0.0
45967,44472,40,0.0
43222,42477,40,0.0
59121,57969,40,0.0
46847,45276,40,0.0
25679,25466,40,0.0
43413,43224,40,0.0
37444,35130,40,0.0
47488,46791,40,0.0
50757,48651,40,0.0
40704,39253,40,0.0
45571,43408,40,0.0
18186,13948,40,0.0
41596,41021,40,0.0
55841,55823,40,0.0
31840,30976,40,0.0
43131,40658,40,0.0
38758,36185,40,0.0
43208,42421,40,0.0
50742,50456,40,0.0
45119,43498,40,0.0
53207,52453,40,0.0
39321,37093,40,0.0
46883,46883,40,0.0
33666,33066,40,0.0
50603,49794,40,0.0
43343,41507,40,0.0
18007,13957,40,0.0
52258,51992,40,0.0
27772,24012,40,0.0
51393,50441,40,0.0
55122,54389,40,0.0
56332,55881,40,0.0
19901,17395,40,0.0
53330,52174,40,0.0
15470,12485,40,0.0
34572,31347,40,0.0
38667,38397,40,0.01
25628,23453,40,0.0
44321,44065,40,0.01
48073,47929,40,0.01
35770,35770,40,0.01
45176,45176,40,0.01
49784,49784,40,0.01
50428,50428,40,0.01
47153,47153,40,0.01
39180,38800,40,0.01
41567,41137,40,0.01
13813,13252,40,0.01
33621,33192,40,0.01
43182,42790,40,0.01
43222,42992,40,0.01
45967,45810,40,0.01
46847,46469,40,0.01
59121,58396,40,0.01
25679,25372,40,0.01
43413,43413,40,0.01
37444,37444,40,0.01
47488,47488,40,0.01
50757,50757,40,0.01
40704,40050,40,0.01
45571,45476,40,0.01
18186,17997,40,0.01
41596,41558,40,0.01
55841,55823,40,0.01
31840,31701,40,0.01
43131,42991,40,0.01
38758,38758,40,0.01
43208,43208,40,0.01
50742,50742,40,0.01
45119,45119,40,0.01
53207,53207,40,0.01
39321,39129,40,0.01
33666,33598,40,0.01
46883,46883,40,0.01
50603,50603,40,0.01
43343,43343,40,0.01
18007,17809,40,0.01
52258,52258,40,0.01
27772,27645,40,0.01
51393,51393,40,0.01
55122,55122,40,0.01
56332,56332,40,0.01
19901,19901,40,0.01
53330,53330,40,0.01
15470,15470,40,0.01
34572,34418,40,0.01
25628,25185,40,0.01
38667,38667,40,0.02
44321,44321,40,0.02
48073,48073,40,0.02
49784,49784,40,0.02
35770,35770,40,0.02
45176,45176,40,0.02
50428,50428,40,0.02
47153,47153,40,0.02
39180,38995,40,0.02
41567,41479,40,0.02
13813,13813,40,0.02
33621,33621,40,0.02
43182,43182,40,0.02
43222,43095,40,0.02
45967,45967,40,0.02
46847,46847,40,0.02
59121,59121,40,0.02
25679,25491,40,0.02
43413,43413,40,0.02
37444,37125,40,0.02
47488,47488,40,0.02
50757,50757,40,0.02
40704,40704,40,0.02
45571,45452,40,0.02
18186,17997,40,0.02
41596,41224,40,0.02
55841,55841,40,0.02
31840,31830,40,0.02
43131,43131,40,0.02
38758,38758,40,0.02
43208,43208,40,0.02
50742,50742,40,0.02
45119,45119,40,0.02
53207,53207,40,0.02
39321,39321,40,0.02
46883,46883,40,0.02
50603,50603,40,0.02
33666,33666,40,0.02
43343,43343,40,0.02
18007,18007,40,0.02
52258,52258,40,0.02
27772,27637,40,0.02
55122,55122,40,0.02
56332,56332,40,0.02
51393,51393,40,0.02
19901,19901,40,0.02
53330,53330,40,0.02
15470,15470,40,0.02
34572,34572,40,0.02
25628,25628,40,0.02
38667,37828,40,0.04
44321,43355,40,0.04
48073,47862,40,0.04
49784,49784,40,0.04
35770,34850,40,0.04
45176,44200,40,0.04
50428,50148,40,0.04
47153,47153,40,0.04
13813,13813,40,0.04
39180,37893,40,0.04
41567,40656,40,0.04
33621,32462,40,0.04
43182,41219,40,0.04
43222,42614,40,0.04
46847,46588,40,0.04
45967,45320,40,0.04
59121,57892,40,0.04
25679,25260,40,0.04
43413,43224,40,0.04
37444,36909,40,0.04
47488,46973,40,0.04
50757,50134,40,0.04
40704,39533,40,0.04
45571,44818,40,0.04
18186,18001,40,0.04
41596,40445,40,0.04
55841,55775,40,0.04
31840,31173,40,0.04
43131,42133,40,0.04
38758,37954,40,0.04
50742,50627,40,0.04
43208,43088,40,0.04
45119,44693,40,0.04
53207,53161,40,0.04
39321,39129,40,0.04
46883,46883,40,0.04
33666,32804,40,0.04
50603,50603,40,0.04
43343,42624,40,0.04
18007,17826,40,0.04
52258,52258,40,0.04
27772,27132,40,0.04
55122,54462,40,0.04
51393,51143,40,0.04
56332,56332,40,0.04
19901,19901,40,0.04
53330,52794,40,0.04
15470,15470,40,0.04
34572,33847,40,0.04
25628,25407,40,0.04
38667,36632,40,0.08
44321,41293,40,0.08
48073,46558,40,0.08
49784,49546,40,0.08
35770,32809,40,0.08
45176,41857,40,0.08
50428,48785,40,0.08
47153,47013,40,0.08
39180,37244,40,0.08
41567,39733,40,0.08
13813,13813,40,0.08
33621,31855,40,0.08
43182,40750,40,0.08
45967,45119,40,0.08
43222,40511,40,0.08
46847,44157,40,0.08
59121,55379,40,0.08
25679,23741,40,0.08
43413,42071,40,0.08
37444,35582,40,0.08
47488,46783,40,0.08
50757,48780,40,0.08
40704,39260,40,0.08
45571,42797,40,0.08
18186,18186,40,0.08
41596,39371,40,0.08
55841,54552,40,0.08
31840,29577,40,0.08
43131,40034,40,0.08
38758,36738,40,0.08
43208,41947,40,0.08
50742,48819,40,0.08
45119,43219,40,0.08
53207,52151,40,0.08
39321,37311,40,0.08
33666,31371,40,0.08
46883,46883,40,0.08
50603,49158,40,0.08
18007,18007,40,0.08
43343,41323,40,0.08
52258,50711,40,0.08
27772,26315,40,0.08
55122,54037,40,0.08
51393,50332,40,0.08
56332,55046,40,0.08
19901,19901,40,0.08
53330,51575,40,0.08
15470,15470,40,0.08
34572,32584,40,0.08
25628,24369,40,0.08
38667,34480,40,0.16
44321,40113,40,0.16
48073,44035,40,0.16
49784,49149,40,0.16
35770,32985,40,0.16
50428,45466,40,0.16
47153,47153,40,0.16
45176,41544,40,0.16
39180,34747,40,0.16
41567,39301,40,0.16
13813,12914,40,0.16
43182,37814,40,0.16
45967,42989,40,0.16
33621,30919,40,0.16
43222,38697,40,0.16
46847,42982,40,0.16
59121,52831,40,0.16
25679,24185,40,0.16
43413,41979,40,0.16
37444,33051,40,0.16
47488,44743,40,0.16
50757,47140,40,0.16
40704,35994,40,0.16
18186,17409,40,0.16
45571,39134,40,0.16
41596,38381,40,0.16
31840,28342,40,0.16
55841,54041,40,0.16
43131,37760,40,0.16
38758,35477,40,0.16
50742,49776,40,0.16
43208,41766,40,0.16
45119,42054,40,0.16
46883,46883,40,0.16
53207,51075,40,0.16
39321,35112,40,0.16
33666,30549,40,0.16
50603,48245,40,0.16
43343,39833,40,0.16
18007,16530,40,0.16
27772,25802,40,0.16
55122,52497,40,0.16
52258,50344,40,0.16
51393,49508,40,0.16
19901,18391,40,0.16
56332,55881,40,0.16
53330,49216,40,0.16
15470,15310,40,0.16
25628,23915,40,0.16
34572,34105,40,0.16
38667,33893,40,0.32
48073,45210,40,0.32
44321,38525,40,0.32
49784,49784,40,0.32
35770,32758,40,0.32
45176,39297,40,0.32
50428,43203,40,0.32
47153,47153,40,0.32
39180,34147,40,0.32
41567,37471,40,0.32
13813,7177,40,0.32
43182,36919,40,0.32
33621,30731,40,0.32
45967,41892,40,0.32
43222,39322,40,0.32
59121,53458,40,0.32
46847,42364,40,0.32
25679,22933,40,0.32
37444,34598,40,0.32
43413,42707,40,0.32
47488,45021,40,0.32
50757,46879,40,0.32
40704,36202,40,0.32
45571,39150,40,0.32
18186,7569,40,0.32
41596,35921,40,0.32
55841,53076,40,0.32
31840,27624,40,0.32
43131,37505,40,0.32
38758,33977,40,0.32
43208,41417,40,0.32
50742,48084,40,0.32
45119,41606,40,0.32
53207,49557,40,0.32
39321,34295,40,0.32
46883,46883,40,0.32
33666,29720,40,0.32
50603,49577,40,0.32
43343,38367,40,0.32
18007,11808,40,0.32
52258,49014,40,0.32
27772,24556,40,0.32
55122,52840,40,0.32
51393,50698,40,0.32
56332,55497,40,0.32
19901,11663,40,0.32
53330,50230,40,0.32
15470,8173,40,0.32
34572,30597,40,0.32
25628,22373,40,0.32
38667,38438,80,0.0
44321,44065,80,0.0
48073,47929,80,0.0
35770,35003,80,0.0
49784,49671,80,0.0
45176,45176,80,0.0
50428,49944,80,0.0
47153,47153,80,0.0
39180,37962,80,0.0
41567,41396,80,0.0
13813,13252,80,0.0
33621,32035,80,0.0
43182,42835,80,0.0
45967,45810,80,0.0
43222,43056,80,0.0
46847,46681,80,0.0
59121,57845,80,0.0
25679,25138,80,0.0
43413,43384,80,0.0
37444,36346,80,0.0
47488,47488,80,0.0
40704,40259,80,0.0
50757,50348,80,0.0
45571,45113,80,0.0
18186,17615,80,0.0
41596,40907,80,0.0
55841,55775,80,0.0
31840,31840,80,0.0
43131,42613,80,0.0
38758,37984,80,0.0
43208,43088,80,0.0
45119,45119,80,0.0
39321,38304,80,0.0
50742,50742,80,0.0
53207,53207,80,0.0
46883,46883,80,0.0
33666,33157,80,0.0
50603,50491,80,0.0
27772,27037,80,0.0
43343,43015,80,0.0
18007,15866,80,0.0
52258,51924,80,0.0
55122,54730,80,0.0
51393,51393,80,0.0
56332,56332,80,0.0
15470,15051,80,0.0
19901,19623,80,0.0
53330,53023,80,0.0
34572,33938,80,0.0
25628,24715,80,0.0
38667,38250,80,0.01
44321,44321,80,0.01
35770,35723,80,0.01
48073,48073,80,0.01
49784,49784,80,0.01
45176,45176,80,0.01
50428,50247,80,0.01
47153,47153,80,0.01
39180,39180,80,0.01
13813,13813,80,0.01
41567,41567,80,0.01
33621,33621,80,0.01
43182,43100,80,0.01
45967,45810,80,0.01
43222,43095,80,0.01
46847,46847,80,0.01
59121,59121,80,0.01
25679,25679,80,0.01
37444,37057,80,0.01
43413,43413,80,0.01
47488,47488,80,0.01
50757,50757,80,0.01
40704,40704,80,0.01
41596,41245,80,0.01
18186,18186,80,0.01
45571,45476,80,0.01
55841,55841,80,0.01
31840,31701,80,0.01
43131,43017,80,0.01
38758,38758,80,0.01
50742,50742,80,0.01
45119,45119,80,0.01
43208,43208,80,0.01
53207,53207,80,0.01
39321,39321,80,0.01
46883,46883,80,0.01
33666,33666,80,0.01
50603,50603,80,0.01
43343,43192,80,0.01
18007,18007,80,0.01
52258,52258,80,0.01
27772,27666,80,0.01
55122,55122,80,0.01
51393,51393,80,0.01
56332,56332,80,0.01
19901,19643,80,0.01
53330,53330,80,0.01
15470,15373,80,0.01
34572,34523,80,0.01
25628,25505,80,0.01
48073,48073,80,0.02
38667,38667,80,0.02
35770,35770,80,0.02
49784,49784,80,0.02
44321,44071,80,0.02
45176,45176,80,0.02
50428,50428,80,0.02
41567,41396,80,0.02
47153,47153,80,0.02
39180,39180,80,0.02
13813,13813,80,0.02
33621,32644,80,0.02
43182,43182,80,0.02
45967,45967,80,0.02
43222,43222,80,0.02
46847,46847,80,0.02
25679,25526,80,0.02
59121,59121,80,0.02
43413,43413,80,0.02
37444,37444,80,0.02
47488,47488,80,0.02
50757,50757,80,0.02
18186,18186,80,0.02
40704,40704,80,0.02
45571,45571,80,0.02
41596,41596,80,0.02
55841,55841,80,0.02
31840,31840,80,0.02
50742,50742,80,0.02
43131,43131,80,0.02
43208,43208,80,0.02
45119,45119,80,0.02
38758,38758,80,0.02
53207,53207,80,0.02
39321,39321,80,0.02
46883,46883,80,0.02
43343,43343,80,0.02
18007,18007,80,0.02
50603,50603,80,0.02
33666,33666,80,0.02
52258,52258,80,0.02
27772,27467,80,0.02
55122,55122,80,0.02
51393,51393,80,0.02
56332,56332,80,0.02
19901,19901,80,0.02
53330,53330,80,0.02
15470,15470,80,0.02
34572,34551,80,0.02
25628,25505,80,0.02
38667,38029,80,0.04
44321,43512,80,0.04
48073,47790,80,0.04
49784,49671,80,0.04
35770,34545,80,0.04
45176,44294,80,0.04
50428,49793,80,0.04
41567,41232,80,0.04
39180,38458,80,0.04
47153,47153,80,0.04
13813,13813,80,0.04
43182,41810,80,0.04
33621,32241,80,0.04
45967,45786,80,0.04
25679,25000,80,0.04
46847,46028,80,0.04
43222,42097,80,0.04
59121,57860,80,0.04
43413,43384,80,0.04
37444,36212,80,0.04
47488,47221,80,0.04
40704,39543,80,0.04
45571,45041,80,0.04
50757,50062,80,0.04
18186,18186,80,0.04
41596,40295,80,0.04
55841,55192,80,0.04
31840,30999,80,0.04
43208,43208,80,0.04
43131,41886,80,0.04
50742,50456,80,0.04
38758,38492,80,0.04
45119,45119,80,0.04
53207,52941,80,0.04
33666,32944,80,0.04
39321,38672,80,0.04
43343,42626,80,0.04
50603,50477,80,0.04
46883,46883,80,0.04
18007,17826,80,0.04
52258,51982,80,0.04
27772,27357,80,0.04
56332,56332,80,0.04
19901,19901,80,0.04
55122,54824,80,0.04
51393,51190,80,0.04
53330,52613,80,0.04
15470,15470,80,0.04
34572,33809,80,0.04
25628,25407,80,0.04
38667,37471,80,0.08
48073,46421,80,0.08
44321,42174,80,0.08
35770,33837,80,0.08
49784,49659,80,0.08
45176,41801,80,0.08
39180,37046,80,0.08
50428,47914,80,0.08
47153,47153,80,0.08
41567,39246,80,0.08
13813,13813,80,0.08
33621,30567,80,0.08
43182,39972,80,0.08
45967,45765,80,0.08
43222,40374,80,0.08
46847,44421,80,0.08
59121,55062,80,0.08
25679,24163,80,0.08
43413,43384,80,0.08
37444,34952,80,0.08
47488,46630,80,0.08
50757,48473,80,0.08
40704,38367,80,0.08
45571,41460,80,0.08
18186,17996,80,0.08
41596,40081,80,0.08
55841,53749,80,0.08
31840,30738,80,0.08
38758,36983,80,0.08
43131,41366,80,0.08
43208,41269,80,0.08
50742,49843,80,0.08
45119,43611,80,0.08
53207,52321,80,0.08
39321,37160,80,0.08
33666,32017,80,0.08
46883,46883,80,0.08
50603,48852,80,0.08
43343,41650,80,0.08
18007,18007,80,0.08
52258,51368,80,0.08
55122,53120,80,0.08
27772,25931,80,0.08
51393,50213,80,0.08
56332,55461,80,0.08
19901,19643,80,0.08
53330,50741,80,0.08
15470,15470,80,0.08
34572,32544,80,0.08
38667,35441,80,0.16
25628,25073,80,0.08
44321,42279,80,0.16
48073,44690,80,0.16
49784,49068,80,0.16
35770,33274,80,0.16
45176,40341,80,0.16
47153,47153,80,0.16
50428,44590,80,0.16
39180,35396,80,0.16
41567,38037,80,0.16
13813,13027,80,0.16
33621,31071,80,0.16
43182,38727,80,0.16
45967,42362,80,0.16
43222,38393,80,0.16
46847,43252,80,0.16
59121,54167,80,0.16
25679,24396,80,0.16
43413,41932,80,0.16
37444,34378,80,0.16
50757,46691,80,0.16
47488,45448,80,0.16
40704,37422,80,0.16
45571,40004,80,0.16
18186,17269,80,0.16
41596,37501,80,0.16
55841,53365,80,0.16
31840,29026,80,0.16
43131,40214,80,0.16
38758,34556,80,0.16
43208,41229,80,0.16
50742,49650,80,0.16
45119,42430,80,0.16
53207,51085,80,0.16
39321,35294,80,0.16
46883,46883,80,0.16
33666,30676,80,0.16
50603,49341,80,0.16
43343,39883,80,0.16
18007,17604,80,0.16
52258,51302,80,0.16
27772,26325,80,0.16
55122,53096,80,0.16
51393,49310,80,0.16
19901,18396,80,0.16
56332,55497,80,0.16
53330,49737,80,0.16
15470,14442,80,0.16
34572,33785,80,0.16
25628,24878,80,0.16
38667,33255,80,0.32
44321,38603,80,0.32
48073,45018,80,0.32
49784,49563,80,0.32
35770,32274,80,0.32
45176,39599,80,0.32
50428,43811,80,0.32
47153,47153,80,0.32
39180,34215,80,0.32
41567,37304,80,0.32
13813,7017,80,0.32
33621,30411,80,0.32
43182,37415,80,0.32
45967,41858,80,0.32
43222,38428,80,0.32
46847,41465,80,0.32
59121,53577,80,0.32
25679,23139,80,0.32
37444,32935,80,0.32
43413,42006,80,0.32
47488,46546,80,0.32
50757,43597,80,0.32
40704,37230,80,0.32
45571,39377,80,0.32
18186,13525,80,0.32
55841,53065,80,0.32
41596,35991,80,0.32
43131,36586,80,0.32
31840,27715,80,0.32
38758,33542,80,0.32
43208,41473,80,0.32
50742,50276,80,0.32
53207,51363,80,0.32
45119,43104,80,0.32
39321,33978,80,0.32
46883,46883,80,0.32
33666,29320,80,0.32
50603,48830,80,0.32
43343,38425,80,0.32
18007,11934,80,0.32
52258,50411,80,0.32
27772,25134,80,0.32
55122,52698,80,0.32
51393,50741,80,0.32
56332,56132,80,0.32
19901,12616,80,0.32
53330,50025,80,0.32
15470,10921,80,0.32
34572,30849,80,0.32
25628,23000,80,0.32
38667,38667,160,0.0
44321,43969,160,0.0
48073,48073,160,0.0
49784,49784,160,0.0
35770,35723,160,0.0
45176,44363,160,0.0
50428,50428,160,0.0
47153,47153,160,0.0
39180,38719,160,0.0
41567,41431,160,0.0
13813,13252,160,0.0
33621,33158,160,0.0
43182,42917,160,0.0
45967,45810,160,0.0
43222,42825,160,0.0
46847,46808,160,0.0
59121,59121,160,0.0
25679,24994,160,0.0
43413,43367,160,0.0
37444,37269,160,0.0
47488,47488,160,0.0
50757,50113,160,0.0
40704,40097,160,0.0
18186,17996,160,0.0
45571,45245,160,0.0
41596,40873,160,0.0
55841,55841,160,0.0
31840,31647,160,0.0
43131,42573,160,0.0
38758,38354,160,0.0
43208,42974,160,0.0
50742,50742,160,0.0
45119,45119,160,0.0
53207,53207,160,0.0
39321,38513,160,0.0
46883,46883,160,0.0
33666,33031,160,0.0
50603,50603,160,0.0
18007,17467,160,0.0
43343,43184,160,0.0
52258,52258,160,0.0
27772,27479,160,0.0
55122,55004,160,0.0
51393,51393,160,0.0
19901,19623,160,0.0
53330,53330,160,0.0
56332,56332,160,0.0
15470,14296,160,0.0
34572,34202,160,0.0
25628,25628,160,0.0
38667,38667,160,0.01
44321,44321,160,0.01
48073,48073,160,0.01
35770,35723,160,0.01
49784,49784,160,0.01
45176,45176,160,0.01
50428,50428,160,0.01
47153,47153,160,0.01
39180,39106,160,0.01
13813,13813,160,0.01
41567,41567,160,0.01
33621,33621,160,0.01
43182,43182,160,0.01
43222,43056,160,0.01
45967,45967,160,0.01
46847,46847,160,0.01
25679,25679,160,0.01
59121,59121,160,0.01
43413,43413,160,0.01
37444,37269,160,0.01
47488,47488,160,0.01
50757,50757,160,0.01
18186,18186,160,0.01
40704,40704,160,0.01
45571,45571,160,0.01
41596,41596,160,0.01
55841,55841,160,0.01
31840,31840,160,0.01
43131,43131,160,0.01
38758,38758,160,0.01
50742,50742,160,0.01
43208,43208,160,0.01
45119,45119,160,0.01
53207,53207,160,0.01
39321,39321,160,0.01
46883,46883,160,0.01
33666,33666,160,0.01
50603,50603,160,0.01
18007,17826,160,0.01
52258,52258,160,0.01
43343,43343,160,0.01
27772,27772,160,0.01
55122,55122,160,0.01
51393,51393,160,0.01
56332,56332,160,0.01
19901,19901,160,0.01
15470,15470,160,0.01
53330,53330,160,0.01
34572,34572,160,0.01
25628,25628,160,0.01
38667,38667,160,0.02
48073,48073,160,0.02
44321,43969,160,0.02
49784,49784,160,0.02
35770,35770,160,0.02
45176,45176,160,0.02
50428,50428,160,0.02
47153,47153,160,0.02
39180,39106,160,0.02
41567,41567,160,0.02
13813,13813,160,0.02
33621,33621,160,0.02
43182,43182,160,0.02
45967,45967,160,0.02
43222,43095,160,0.02
46847,46847,160,0.02
59121,59121,160,0.02
25679,25645,160,0.02
43413,43413,160,0.02
37444,37443,160,0.02
47488,47488,160,0.02
40704,40558,160,0.02
50757,50757,160,0.02
45571,45571,160,0.02
18186,18186,160,0.02
41596,41238,160,0.02
55841,55841,160,0.02
31840,31840,160,0.02
43131,43131,160,0.02
38758,38718,160,0.02
43208,43208,160,0.02
50742,50742,160,0.02
45119,45119,160,0.02
53207,53207,160,0.02
39321,39253,160,0.02
46883,46883,160,0.02
50603,50603,160,0.02
33666,33666,160,0.02
43343,43343,160,0.02
18007,18007,160,0.02
27772,27612,160,0.02
52258,52258,160,0.02
55122,55122,160,0.02
56332,56332,160,0.02
51393,51393,160,0.02
19901,19901,160,0.02
53330,53330,160,0.02
15470,15470,160,0.02
34572,34572,160,0.02
25628,25628,160,0.02
38667,38531,160,0.04
48073,47621,160,0.04
44321,42995,160,0.04
49784,49767,160,0.04
35770,34246,160,0.04
45176,45060,160,0.04
50428,50428,160,0.04
39180,38452,160,0.04
47153,47153,160,0.04
41567,41441,160,0.04
13813,13680,160,0.04
33621,32654,160,0.04
43182,41987,160,0.04
45967,45516,160,0.04
43222,42398,160,0.04
46847,46291,160,0.04
59121,59121,160,0.04
25679,25070,160,0.04
43413,43266,160,0.04
37444,37242,160,0.04
47488,47257,160,0.04
50757,50179,160,0.04
40704,39868,160,0.04
45571,44793,160,0.04
18186,18186,160,0.04
41596,40266,160,0.04
55841,55651,160,0.04
31840,31046,160,0.04
43131,42221,160,0.04
38758,38170,160,0.04
43208,42906,160,0.04
50742,50742,160,0.04
45119,44544,160,0.04
53207,52905,160,0.04
39321,38302,160,0.04
46883,46883,160,0.04
33666,32864,160,0.04
50603,50247,160,0.04
43343,42850,160,0.04
18007,17826,160,0.04
52258,51895,160,0.04
27772,27224,160,0.04
51393,51190,160,0.04
55122,55004,160,0.04
19901,19643,160,0.04
56332,56132,160,0.04
53330,53005,160,0.04
15470,15373,160,0.04
34572,34207,160,0.04
25628,25224,160,0.04
38667,37893,160,0.08
44321,41778,160,0.08
48073,46994,160,0.08
49784,49563,160,0.08
35770,33431,160,0.08
45176,41680,160,0.08
50428,48167,160,0.08
47153,47153,160,0.08
39180,35838,160,0.08
41567,39872,160,0.08
13813,13252,160,0.08
33621,33112,160,0.08
43182,39953,160,0.08
45967,44442,160,0.08
43222,40839,160,0.08
46847,44792,160,0.08
59121,55140,160,0.08
25679,23877,160,0.08
43413,42613,160,0.08
37444,35403,160,0.08
47488,46438,160,0.08
50757,47699,160,0.08
40704,38219,160,0.08
45571,42758,160,0.08
18186,18186,160,0.08
41596,39389,160,0.08
55841,54555,160,0.08
31840,29704,160,0.08
43131,40268,160,0.08
38758,36118,160,0.08
43208,41894,160,0.08
50742,49829,160,0.08
45119,43752,160,0.08
53207,52941,160,0.08
39321,37025,160,0.08
46883,46883,160,0.08
33666,31653,160,0.08
50603,49275,160,0.08
43343,41230,160,0.08
18007,17826,160,0.08
52258,51483,160,0.08
27772,27049,160,0.08
55122,53618,160,0.08
51393,50198,160,0.08
56332,55353,160,0.08
19901,19901,160,0.08
53330,50601,160,0.08
15470,15470,160,0.08
34572,33626,160,0.08
25628,25407,160,0.08
44321,39816,160,0.16
35770,32085,160,0.16
48073,45770,160,0.16
45176,41080,160,0.16
49784,49671,160,0.16
38667,35150,160,0.16
50428,47613,160,0.16
13813,13557,160,0.16
41567,38412,160,0.16
39180,35099,160,0.16
45967,44774,160,0.16
47153,47153,160,0.16
33621,31084,160,0.16
43182,39664,160,0.16
43222,38661,160,0.16
25679,24508,160,0.16
37444,33569,160,0.16
43413,42383,160,0.16
46847,43221,160,0.16
59121,56398,160,0.16
47488,46154,160,0.16
18186,17839,160,0.16
45571,40031,160,0.16
41596,37443,160,0.16
40704,37299,160,0.16
50757,45693,160,0.16
31840,29257,160,0.16
55841,54081,160,0.16
43131,37890,160,0.16
38758,35627,160,0.16
50742,50456,160,0.16
43208,41722,160,0.16
45119,42192,160,0.16
53207,50490,160,0.16
39321,34564,160,0.16
18007,16659,160,0.16
46883,46883,160,0.16
50603,49345,160,0.16
33666,30627,160,0.16
43343,40791,160,0.16
52258,51813,160,0.16
27772,26501,160,0.16
56332,55466,160,0.16
19901,19623,160,0.16
55122,52883,160,0.16
53330,51243,160,0.16
51393,50481,160,0.16
34572,33616,160,0.16
15470,14390,160,0.16
25628,25049,160,0.16
44321,40488,160,0.32
48073,44678,160,0.32
35770,31921,160,0.32
38667,33937,160,0.32
45176,40136,160,0.32
49784,49767,160,0.32
50428,44123,160,0.32
39180,33421,160,0.32
13813,8308,160,0.32
47153,47153,160,0.32
41567,37586,160,0.32
43182,39143,160,0.32
33621,29216,160,0.32
25679,22894,160,0.32
45967,44308,160,0.32
46847,43173,160,0.32
43222,37700,160,0.32
59121,53158,160,0.32
37444,33250,160,0.32
43413,41719,160,0.32
50757,47019,160,0.32
47488,46050,160,0.32
18186,11205,160,0.32
40704,36134,160,0.32
45571,39051,160,0.32
41596,37993,160,0.32
55841,55108,160,0.32
31840,27526,160,0.32
43131,38112,160,0.32
38758,34129,160,0.32
45119,43359,160,0.32
50742,49705,160,0.32
43208,42671,160,0.32
53207,50844,160,0.32
39321,32691,160,0.32
46883,46883,160,0.32
33666,30245,160,0.32
43343,39416,160,0.32
18007,9565,160,0.32
52258,51561,160,0.32
50603,49385,160,0.32
27772,25242,160,0.32
19901,13674,160,0.32
15470,11229,160,0.32
55122,53225,160,0.32
51393,50174,160,0.32
53330,51119,160,0.32
56332,55881,160,0.32
34572,30902,160,0.32
25628,21276,160,0.32
38667,38667,320,0.0
35770,35723,320,0.0
48073,48073,320,0.0
49784,49784,320,0.0
44321,44321,320,0.0
45176,45176,320,0.0
50428,50428,320,0.0
13813,13813,320,0.0
41567,41567,320,0.0
39180,39180,320,0.0
47153,47153,320,0.0
33621,33224,320,0.0
43182,43182,320,0.0
45967,45967,320,0.0
46847,46847,320,0.0
25679,25452,320,0.0
59121,59121,320,0.0
43222,43056,320,0.0
43413,43413,320,0.0
37444,37443,320,0.0
47488,47488,320,0.0
40704,40699,320,0.0
45571,45288,320,0.0
50757,50151,320,0.0
41596,41125,320,0.0
18186,18186,320,0.0
43131,43131,320,0.0
55841,55823,320,0.0
43208,43208,320,0.0
31840,31840,320,0.0
38758,38515,320,0.0
50742,50627,320,0.0
45119,45119,320,0.0
39321,39321,320,0.0
53207,53207,320,0.0
46883,46883,320,0.0
43343,43343,320,0.0
33666,33598,320,0.0
18007,18007,320,0.0
50603,50603,320,0.0
52258,52258,320,0.0
27772,27772,320,0.0
55122,55122,320,0.0
56332,56332,320,0.0
19901,19643,320,0.0
51393,51393,320,0.0
53330,53270,320,0.0
15470,15470,320,0.0
34572,34572,320,0.0
25628,25007,320,0.0
38667,38667,320,0.01
44321,44071,320,0.01
48073,48073,320,0.01
49784,49784,320,0.01
35770,35723,320,0.01
45176,45176,320,0.01
47153,47153,320,0.01
50428,50428,320,0.01
39180,39021,320,0.01
41567,41567,320,0.01
13813,13813,320,0.01
33621,33266,320,0.01
43222,43222,320,0.01
43182,43182,320,0.01
45967,45967,320,0.01
46847,46847,320,0.01
25679,25645,320,0.01
59121,59121,320,0.01
43413,43413,320,0.01
37444,37126,320,0.01
50757,50757,320,0.01
47488,47488,320,0.01
45571,45452,320,0.01
40704,40704,320,0.01
18186,18186,320,0.01
41596,41596,320,0.01
55841,55841,320,0.01
38758,38758,320,0.01
31840,31669,320,0.01
43131,43017,320,0.01
43208,43208,320,0.01
50742,50742,320,0.01
45119,45119,320,0.01
39321,39321,320,0.01
53207,53207,320,0.01
46883,46883,320,0.01
33666,33666,320,0.01
50603,50603,320,0.01
43343,43343,320,0.01
18007,18007,320,0.01
27772,27680,320,0.01
52258,52258,320,0.01
55122,55122,320,0.01
51393,51393,320,0.01
56332,56332,320,0.01
19901,19901,320,0.01
53330,53330,320,0.01
15470,15470,320,0.01
34572,34572,320,0.01
25628,25505,320,0.01
38667,38667,320,0.02
44321,43699,320,0.02
48073,48073,320,0.02
49784,49784,320,0.02
35770,35305,320,0.02
45176,44820,320,0.02
50428,50278,320,0.02
47153,47153,320,0.02
39180,38911,320,0.02
41567,41480,320,0.02
13813,13680,320,0.02
33621,33224,320,0.02
43182,43182,320,0.02
46847,46847,320,0.02
45967,45810,320,0.02
43222,42858,320,0.02
59121,59121,320,0.02
25679,25404,320,0.02
43413,43413,320,0.02
37444,36981,320,0.02
47488,47488,320,0.02
40704,40210,320,0.02
50757,50757,320,0.02
45571,45207,320,0.02
18186,18186,320,0.02
41596,41057,320,0.02
55841,55841,320,0.02
43131,42991,320,0.02
38758,38532,320,0.02
31840,31486,320,0.02
43208,43208,320,0.02
50742,50742,320,0.02
45119,45119,320,0.02
53207,53207,320,0.02
39321,39219,320,0.02
46883,46883,320,0.02
33666,33559,320,0.02
50603,50491,320,0.02
43343,43256,320,0.02
18007,18007,320,0.02
27772,27300,320,0.02
55122,55122,320,0.02
52258,52258,320,0.02
51393,51393,320,0.02
56332,56332,320,0.02
19901,19901,320,0.02
53330,53330,320,0.02
15470,15470,320,0.02
25628,25505,320,0.02
34572,34572,320,0.02
38667,37175,320,0.04
44321,42853,320,0.04
48073,46979,320,0.04
35770,33136,320,0.04
49784,49767,320,0.04
45176,43862,320,0.04
50428,49936,320,0.04
47153,47153,320,0.04
39180,37662,320,0.04
13813,13542,320,0.04
41567,40487,320,0.04
33621,31795,320,0.04
43182,40593,320,0.04
45967,45465,320,0.04
43222,42212,320,0.04
46847,44990,320,0.04
25679,23976,320,0.04
59121,58630,320,0.04
43413,43306,320,0.04
37444,35715,320,0.04
47488,47346,320,0.04
50757,50043,320,0.04
40704,40087,320,0.04
45571,44166,320,0.04
18186,18186,320,0.04
41596,40925,320,0.04
55841,55651,320,0.04
31840,30351,320,0.04
43131,42861,320,0.04
38758,37219,320,0.04
43208,42814,320,0.04
50742,50627,320,0.04
45119,45119,320,0.04
53207,53158,320,0.04
39321,38494,320,0.04
46883,46883,320,0.04
33666,32831,320,0.04
50603,50075,320,0.04
43343,43192,320,0.04
18007,18007,320,0.04
27772,26826,320,0.04
52258,52258,320,0.04
55122,54184,320,0.04
51393,51393,320,0.04
19901,19643,320,0.04
56332,56332,320,0.04
53330,52496,320,0.04
34572,33984,320,0.04
15470,15470,320,0.04
25628,24960,320,0.04
38667,36380,320,0.08
44321,41382,320,0.08
48073,46013,320,0.08
49784,49563,320,0.08
35770,32952,320,0.08
45176,42526,320,0.08
47153,47153,320,0.08
50428,46943,320,0.08
41567,39735,320,0.08
39180,36018,320,0.08
13813,13252,320,0.08
33621,31543,320,0.08
43182,40156,320,0.08
45967,44243,320,0.08
43222,39924,320,0.08
46847,46075,320,0.08
59121,55956,320,0.08
25679,24329,320,0.08
43413,43071,320,0.08
37444,34880,320,0.08
47488,46243,320,0.08
50757,47469,320,0.08
40704,39477,320,0.08
45571,42481,320,0.08
18186,18186,320,0.08
41596,38615,320,0.08
55841,55502,320,0.08
31840,29261,320,0.08
43131,39166,320,0.08
38758,37491,320,0.08
43208,42416,320,0.08
50742,50014,320,0.08
45119,43830,320,0.08
53207,51967,320,0.08
39321,36547,320,0.08
46883,46883,320,0.08
33666,31576,320,0.08
50603,49389,320,0.08
43343,41266,320,0.08
18007,17604,320,0.08
52258,51014,320,0.08
27772,26167,320,0.08
55122,54107,320,0.08
56332,56125,320,0.08
51393,50809,320,0.08
19901,19901,320,0.08
53330,51405,320,0.08
15470,15373,320,0.08
34572,32673,320,0.08
25628,24837,320,0.08
44321,38936,320,0.16
38667,35357,320,0.16
48073,45756,320,0.16
49784,49659,320,0.16
35770,31746,320,0.16
45176,40593,320,0.16
50428,44575,320,0.16
47153,47153,320,0.16
39180,35080,320,0.16
41567,37731,320,0.16
13813,12426,320,0.16
33621,29351,320,0.16
43182,38675,320,0.16
45967,43803,320,0.16
43222,38174,320,0.16
46847,43433,320,0.16
59121,54289,320,0.16
25679,23671,320,0.16
43413,42676,320,0.16
37444,33801,320,0.16
47488,45431,320,0.16
50757,48398,320,0.16
40704,36046,320,0.16
45571,41536,320,0.16
18186,17804,320,0.16
41596,37537,320,0.16
55841,54757,320,0.16
31840,29598,320,0.16
43131,38992,320,0.16
38758,34631,320,0.16
43208,41449,320,0.16
45119,42889,320,0.16
50742,49722,320,0.16
53207,51478,320,0.16
39321,35410,320,0.16
46883,46883,320,0.16
33666,31271,320,0.16
50603,50170,320,0.16
43343,39502,320,0.16
18007,17576,320,0.16
52258,51493,320,0.16
27772,25973,320,0.16
55122,53504,320,0.16
51393,50048,320,0.16
56332,56332,320,0.16
19901,19613,320,0.16
53330,52115,320,0.16
15470,13869,320,0.16
34572,31477,320,0.16
25628,23852,320,0.16
38667,33795,320,0.32
44321,39077,320,0.32
48073,45832,320,0.32
49784,49784,320,0.32
35770,31015,320,0.32
45176,39358,320,0.32
50428,44234,320,0.32
47153,47153,320,0.32
39180,33791,320,0.32
13813,9673,320,0.32
41567,37931,320,0.32
33621,29673,320,0.32
43182,37932,320,0.32
45967,44333,320,0.32
43222,37705,320,0.32
46847,42022,320,0.32
59121,54212,320,0.32
25679,23313,320,0.32
43413,42779,320,0.32
37444,32310,320,0.32
47488,45577,320,0.32
50757,46373,320,0.32
40704,35748,320,0.32
18186,12247,320,0.32
45571,40006,320,0.32
41596,37314,320,0.32
55841,55030,320,0.32
31840,28195,320,0.32
43131,37898,320,0.32
38758,33991,320,0.32
50742,50285,320,0.32
43208,42301,320,0.32
45119,44131,320,0.32
53207,51446,320,0.32
39321,33429,320,0.32
46883,46883,320,0.32
33666,29537,320,0.32
50603,49760,320,0.32
43343,39040,320,0.32
18007,13058,320,0.32
52258,51438,320,0.32
27772,24542,320,0.32
55122,54638,320,0.32
51393,49832,320,0.32
19901,10412,320,0.32
56332,55881,320,0.32
53330,50960,320,0.32
15470,12487,320,0.32
34572,32430,320,0.32
25628,22122,320,0.32
38667,38667,640,0.0
44321,44065,640,0.0
48073,48073,640,0.0
35770,34858,640,0.0
49784,49784,640,0.0
45176,44583,640,0.0
50428,50261,640,0.0
47153,47153,640,0.0
39180,38340,640,0.0
41567,41473,640,0.0
13813,13680,640,0.0
33621,32265,640,0.0
43182,42586,640,0.0
45967,45810,640,0.0
43222,42575,640,0.0
46847,46808,640,0.0
59121,59121,640,0.0
25679,24996,640,0.0
43413,43384,640,0.0
37444,36160,640,0.0
47488,47488,640,0.0
50757,50047,640,0.0
45571,44881,640,0.0
40704,39598,640,0.0
18186,17839,640,0.0
41596,41558,640,0.0
55841,55823,640,0.0
31840,30920,640,0.0
43131,42445,640,0.0
38758,38034,640,0.0
43208,43088,640,0.0
50742,50742,640,0.0
45119,45119,640,0.0
53207,53161,640,0.0
39321,38238,640,0.0
46883,46883,640,0.0
33666,33017,640,0.0
50603,50603,640,0.0
43343,43343,640,0.0
18007,18007,640,0.0
52258,52258,640,0.0
27772,27450,640,0.0
55122,55004,640,0.0
51393,51393,640,0.0
19901,19643,640,0.0
56332,56332,640,0.0
53330,53270,640,0.0
15470,15470,640,0.0
34572,34335,640,0.0
25628,24898,640,0.0
38667,38114,640,0.01
44321,43066,640,0.01
48073,48060,640,0.01
49784,49784,640,0.01
35770,34586,640,0.01
45176,43861,640,0.01
50428,50278,640,0.01
39180,38210,640,0.01
47153,47153,640,0.01
41567,40848,640,0.01
13813,13813,640,0.01
33621,32576,640,0.01
43182,41616,640,0.01
45967,45741,640,0.01
43222,42123,640,0.01
46847,46409,640,0.01
59121,58226,640,0.01
25679,25146,640,0.01
43413,43413,640,0.01
37444,35921,640,0.01
47488,47488,640,0.01
40704,39625,640,0.01
50757,50757,640,0.01
18186,18186,640,0.01
45571,45288,640,0.01
41596,40638,640,0.01
55841,55841,640,0.01
31840,31156,640,0.01
43131,42869,640,0.01
38758,37743,640,0.01
50742,50742,640,0.01
43208,43208,640,0.01
45119,44832,640,0.01
53207,53207,640,0.01
39321,38816,640,0.01
46883,46883,640,0.01
33666,33396,640,0.01
50603,50603,640,0.01
43343,43092,640,0.01
18007,18007,640,0.01
52258,52258,640,0.01
27772,26698,640,0.01
51393,51393,640,0.01
55122,55122,640,0.01
56332,56332,640,0.01
19901,19643,640,0.01
53330,53023,640,0.01
15470,15470,640,0.01
34572,33439,640,0.01
38667,37087,640,0.02
25628,24898,640,0.01
44321,42663,640,0.02
48073,48073,640,0.02
49784,49784,640,0.02
35770,33094,640,0.02
45176,42644,640,0.02
50428,49379,640,0.02
47153,47153,640,0.02
39180,37799,640,0.02
41567,40949,640,0.02
33621,32296,640,0.02
13813,13680,640,0.02
43182,40944,640,0.02
45967,45786,640,0.02
43222,41561,640,0.02
59121,57886,640,0.02
46847,45604,640,0.02
43413,43413,640,0.02
25679,24974,640,0.02
37444,35196,640,0.02
50757,49777,640,0.02
47488,47346,640,0.02
40704,38548,640,0.02
45571,43355,640,0.02
18186,18001,640,0.02
41596,39564,640,0.02
55841,55486,640,0.02
43131,40934,640,0.02
31840,30711,640,0.02
38758,37610,640,0.02
43208,43208,640,0.02
50742,50742,640,0.02
45119,44753,640,0.02
53207,53158,640,0.02
39321,37412,640,0.02
46883,46883,640,0.02
33666,32502,640,0.02
50603,50603,640,0.02
43343,42767,640,0.02
18007,17826,640,0.02
52258,52258,640,0.02
27772,26584,640,0.02
55122,54684,640,0.02
51393,51393,640,0.02
56332,56332,640,0.02
19901,19901,640,0.02
53330,53330,640,0.02
15470,15470,640,0.02
34572,33399,640,0.02
25628,24113,640,0.02
38667,36813,640,0.04
44321,41781,640,0.04
48073,47137,640,0.04
49784,49784,640,0.04
35770,33769,640,0.04
45176,42429,640,0.04
50428,48087,640,0.04
47153,47153,640,0.04
39180,36373,640,0.04
41567,40393,640,0.04
13813,13409,640,0.04
33621,31578,640,0.04
43182,40808,640,0.04
45967,45688,640,0.04
43222,41697,640,0.04
46847,46251,640,0.04
59121,56467,640,0.04
25679,24601,640,0.04
43413,43224,640,0.04
37444,35231,640,0.04
47488,46948,640,0.04
50757,49506,640,0.04
40704,38912,640,0.04
45571,43436,640,0.04
18186,18186,640,0.04
41596,38826,640,0.04
55841,55258,640,0.04
31840,30945,640,0.04
43131,41275,640,0.04
38758,37460,640,0.04
43208,42819,640,0.04
50742,50456,640,0.04
45119,44453,640,0.04
39321,37009,640,0.04
53207,52577,640,0.04
46883,46883,640,0.04
33666,32588,640,0.04
50603,49971,640,0.04
43343,42579,640,0.04
18007,17826,640,0.04
52258,51921,640,0.04
27772,25964,640,0.04
55122,54600,640,0.04
51393,50698,640,0.04
56332,56332,640,0.04
19901,19534,640,0.04
53330,52436,640,0.04
15470,15310,640,0.04
34572,33396,640,0.04
25628,24344,640,0.04
38667,36171,640,0.08
44321,40521,640,0.08
48073,47222,640,0.08
49784,49784,640,0.08
45176,41492,640,0.08
35770,32343,640,0.08
50428,47088,640,0.08
47153,47153,640,0.08
39180,38152,640,0.08
41567,38629,640,0.08
13813,13582,640,0.08
33621,30514,640,0.08
43182,39940,640,0.08
45967,44346,640,0.08
43222,39719,640,0.08
46847,44210,640,0.08
59121,57194,640,0.08
25679,23596,640,0.08
43413,43367,640,0.08
37444,34272,640,0.08
47488,46491,640,0.08
50757,48334,640,0.08
40704,37172,640,0.08
45571,41161,640,0.08
18186,17996,640,0.08
41596,39999,640,0.08
55841,54896,640,0.08
31840,29629,640,0.08
43131,39820,640,0.08
38758,36973,640,0.08
43208,42329,640,0.08
50742,49905,640,0.08
45119,43977,640,0.08
53207,53158,640,0.08
39321,35997,640,0.08
46883,46883,640,0.08
33666,31277,640,0.08
50603,50105,640,0.08
43343,41342,640,0.08
18007,18007,640,0.08
52258,51621,640,0.08
27772,25430,640,0.08
55122,53968,640,0.08
51393,51301,640,0.08
56332,56332,640,0.08
19901,19643,640,0.08
53330,51662,640,0.08
15470,15051,640,0.08
34572,31514,640,0.08
25628,23522,640,0.08
38667,34923,640,0.16
44321,39902,640,0.16
48073,45833,640,0.16
49784,49784,640,0.16
35770,32192,640,0.16
45176,40698,640,0.16
50428,45386,640,0.16
47153,47153,640,0.16
39180,34893,640,0.16
13813,13073,640,0.16
41567,38088,640,0.16
33621,28987,640,0.16
43182,37805,640,0.16
45967,44543,640,0.16
43222,37973,640,0.16
46847,43036,640,0.16
59121,55876,640,0.16
25679,23312,640,0.16
43413,43237,640,0.16
37444,32873,640,0.16
47488,45768,640,0.16
50757,47672,640,0.16
40704,38432,640,0.16
45571,39837,640,0.16
18186,16168,640,0.16
41596,37577,640,0.16
55841,55823,640,0.16
31840,28789,640,0.16
43131,37463,640,0.16
38758,35724,640,0.16
43208,42461,640,0.16
50742,50277,640,0.16
45119,44191,640,0.16
53207,51843,640,0.16
39321,34276,640,0.16
33666,29848,640,0.16
46883,46883,640,0.16
43343,39806,640,0.16
50603,49610,640,0.16
18007,16845,640,0.16
52258,51970,640,0.16
27772,25109,640,0.16
55122,54118,640,0.16
51393,50783,640,0.16
19901,17100,640,0.16
56332,56332,640,0.16
53330,51606,640,0.16
15470,13703,640,0.16
34572,32382,640,0.16
25628,24305,640,0.16
38667,35181,640,0.32
48073,45548,640,0.32
44321,39111,640,0.32
49784,49784,640,0.32
35770,30510,640,0.32
45176,38511,640,0.32
50428,45199,640,0.32
47153,47153,640,0.32
39180,34892,640,0.32
41567,37637,640,0.32
13813,8752,640,0.32
33621,29598,640,0.32
43182,37083,640,0.32
45967,44749,640,0.32
43222,38721,640,0.32
46847,42914,640,0.32
59121,54656,640,0.32
25679,22529,640,0.32
43413,43074,640,0.32
37444,33877,640,0.32
47488,45890,640,0.32
50757,46041,640,0.32
40704,36136,640,0.32
45571,38283,640,0.32
41596,36205,640,0.32
18186,12125,640,0.32
55841,55513,640,0.32
31840,27024,640,0.32
43131,36609,640,0.32
38758,34506,640,0.32
43208,42065,640,0.32
50742,50456,640,0.32
45119,42985,640,0.32
39321,33070,640,0.32
53207,52041,640,0.32
46883,46883,640,0.32
33666,29880,640,0.32
50603,49707,640,0.32
18007,11921,640,0.32
43343,38315,640,0.32
52258,52101,640,0.32
27772,24443,640,0.32
55122,53985,640,0.32
51393,50835,640,0.32
56332,56332,640,0.32
19901,11622,640,0.32
53330,52574,640,0.32
15470,12225,640,0.32
34572,31757,640,0.32
25628,21270,640,0.32
38667,36040,1280,0.0
44321,42479,1280,0.0
48073,47848,1280,0.0
49784,49784,1280,0.0
35770,31669,1280,0.0
45176,41861,1280,0.0
50428,48173,1280,0.0
47153,47153,1280,0.0
39180,36749,1280,0.0
13813,13582,1280,0.0
41567,40039,1280,0.0
33621,29893,1280,0.0
43182,40784,1280,0.0
45967,45613,1280,0.0
43222,41997,1280,0.0
46847,45622,1280,0.0
59121,57008,1280,0.0
25679,23424,1280,0.0
43413,43384,1280,0.0
37444,36069,1280,0.0
47488,47154,1280,0.0
50757,49704,1280,0.0
40704,36789,1280,0.0
18186,15011,1280,0.0
45571,40538,1280,0.0
41596,38654,1280,0.0
55841,55552,1280,0.0
31840,27967,1280,0.0
43131,40970,1280,0.0
38758,34900,1280,0.0
43208,42934,1280,0.0
50742,50557,1280,0.0
45119,44619,1280,0.0
39321,34537,1280,0.0
53207,53158,1280,0.0
46883,46883,1280,0.0
33666,31242,1280,0.0
43343,41636,1280,0.0
50603,50411,1280,0.0
18007,15295,1280,0.0
27772,25022,1280,0.0
52258,52094,1280,0.0
55122,55122,1280,0.0
51393,51301,1280,0.0
19901,16461,1280,0.0
56332,56332,1280,0.0
53330,52026,1280,0.0
15470,13121,1280,0.0
34572,29099,1280,0.0
25628,21381,1280,0.0
38667,36315,1280,0.01
44321,41902,1280,0.01
48073,47806,1280,0.01
49784,49784,1280,0.01
35770,30270,1280,0.01
45176,40795,1280,0.01
50428,48817,1280,0.01
47153,47153,1280,0.01
39180,35474,1280,0.01
41567,39243,1280,0.01
13813,13252,1280,0.01
33621,31020,1280,0.01
43182,39565,1280,0.01
45967,45810,1280,0.01
43222,40524,1280,0.01
59121,57439,1280,0.01
46847,45004,1280,0.01
25679,22825,1280,0.01
43413,43315,1280,0.01
37444,34625,1280,0.01
47488,47410,1280,0.01
50757,48998,1280,0.01
45571,41261,1280,0.01
18186,16471,1280,0.01
40704,38693,1280,0.01
41596,38284,1280,0.01
55841,55635,1280,0.01
31840,28932,1280,0.01
43131,39782,1280,0.01
38758,35606,1280,0.01
43208,43088,1280,0.01
50742,50742,1280,0.01
45119,44314,1280,0.01
53207,53207,1280,0.01
39321,36861,1280,0.01
46883,46883,1280,0.01
33666,31253,1280,0.01
43343,41280,1280,0.01
50603,50201,1280,0.01
18007,15951,1280,0.01
52258,52258,1280,0.01
27772,25710,1280,0.01
55122,54629,1280,0.01
51393,51393,1280,0.01
19901,19623,1280,0.01
56332,56332,1280,0.01
53330,52823,1280,0.01
15470,14635,1280,0.01
34572,32186,1280,0.01
25628,22731,1280,0.01
44321,41765,1280,0.02
38667,36554,1280,0.02
48073,47397,1280,0.02
49784,49784,1280,0.02
35770,31024,1280,0.02
45176,42755,1280,0.02
50428,47440,1280,0.02
39180,36189,1280,0.02
47153,47153,1280,0.02
41567,38955,1280,0.02
13813,13582,1280,0.02
33621,30860,1280,0.02
43182,37508,1280,0.02
46847,45032,1280,0.02
45967,45301,1280,0.02
43222,41230,1280,0.02
25679,22471,1280,0.02
59121,55252,1280,0.02
43413,43367,1280,0.02
37444,32167,1280,0.02
50757,49217,1280,0.02
18186,16593,1280,0.02
45571,39131,1280,0.02
40704,37467,1280,0.02
47488,47115,1280,0.02
41596,36346,1280,0.02
31840,28063,1280,0.02
55841,55513,1280,0.02
38758,36180,1280,0.02
43208,42439,1280,0.02
43131,38124,1280,0.02
50742,50742,1280,0.02
45119,44121,1280,0.02
39321,34089,1280,0.02
46883,46883,1280,0.02
33666,30926,1280,0.02
53207,53161,1280,0.02
50603,50491,1280,0.02
43343,41632,1280,0.02
18007,16481,1280,0.02
52258,52079,1280,0.02
27772,25616,1280,0.02
55122,54515,1280,0.02
51393,51393,1280,0.02
19901,18469,1280,0.02
56332,56332,1280,0.02
53330,52502,1280,0.02
15470,15373,1280,0.02
25628,21577,1280,0.02
34572,31510,1280,0.02
38667,36810,1280,0.04
44321,40732,1280,0.04
48073,47515,1280,0.04
49784,49784,1280,0.04
35770,30846,1280,0.04
45176,40229,1280,0.04
50428,47655,1280,0.04
47153,47153,1280,0.04
41567,38945,1280,0.04
39180,36368,1280,0.04
13813,12886,1280,0.04
33621,29168,1280,0.04
43182,37769,1280,0.04
46847,44590,1280,0.04
45967,45081,1280,0.04
43222,39316,1280,0.04
59121,56013,1280,0.04
25679,22195,1280,0.04
43413,43237,1280,0.04
37444,33369,1280,0.04
47488,47064,1280,0.04
45571,40113,1280,0.04
40704,36186,1280,0.04
50757,48717,1280,0.04
18186,15450,1280,0.04
55841,55823,1280,0.04
41596,37690,1280,0.04
31840,28221,1280,0.04
43131,38870,1280,0.04
38758,35234,1280,0.04
43208,42477,1280,0.04
50742,50356,1280,0.04
45119,44312,1280,0.04
53207,53158,1280,0.04
39321,35908,1280,0.04
33666,30630,1280,0.04
46883,46883,1280,0.04
50603,49899,1280,0.04
43343,40477,1280,0.04
18007,15945,1280,0.04
52258,52079,1280,0.04
27772,25182,1280,0.04
55122,55122,1280,0.04
51393,50896,1280,0.04
56332,56186,1280,0.04
19901,17847,1280,0.04
53330,52324,1280,0.04
15470,13661,1280,0.04
34572,30352,1280,0.04
25628,23797,1280,0.04
38667,36838,1280,0.08
44321,39710,1280,0.08
48073,46455,1280,0.08
49784,49784,1280,0.08
35770,30284,1280,0.08
45176,40102,1280,0.08
50428,45591,1280,0.08
47153,47153,1280,0.08
39180,34211,1280,0.08
41567,39353,1280,0.08
13813,12479,1280,0.08
33621,28578,1280,0.08
43182,37403,1280,0.08
45967,44190,1280,0.08
43222,39324,1280,0.08
46847,44063,1280,0.08
59121,56355,1280,0.08
25679,22436,1280,0.08
37444,34507,1280,0.08
43413,42745,1280,0.08
47488,47050,1280,0.08
50757,48170,1280,0.08
40704,36675,1280,0.08
45571,40074,1280,0.08
18186,17996,1280,0.08
41596,36919,1280,0.08
55841,54855,1280,0.08
31840,28361,1280,0.08
43131,37972,1280,0.08
38758,36700,1280,0.08
43208,42483,1280,0.08
50742,50627,1280,0.08
53207,52290,1280,0.08
45119,43809,1280,0.08
39321,35293,1280,0.08
46883,46883,1280,0.08
33666,30208,1280,0.08
50603,49878,1280,0.08
43343,40694,1280,0.08
18007,17186,1280,0.08
52258,52079,1280,0.08
55122,53994,1280,0.08
27772,25255,1280,0.08
51393,51158,1280,0.08
56332,56332,1280,0.08
19901,19022,1280,0.08
53330,52175,1280,0.08
15470,13965,1280,0.08
25628,22626,1280,0.08
34572,30468,1280,0.08
38667,35426,1280,0.16
44321,39588,1280,0.16
48073,46611,1280,0.16
49784,49784,1280,0.16
35770,29828,1280,0.16
50428,47278,1280,0.16
45176,41560,1280,0.16
39180,35304,1280,0.16
47153,47153,1280,0.16
13813,13086,1280,0.16
41567,38484,1280,0.16
33621,31208,1280,0.16
43182,37721,1280,0.16
45967,44769,1280,0.16
43222,38064,1280,0.16
46847,43617,1280,0.16
59121,57532,1280,0.16
25679,23077,1280,0.16
43413,43071,1280,0.16
37444,34306,1280,0.16
47488,47075,1280,0.16
40704,36180,1280,0.16
50757,46878,1280,0.16
45571,40999,1280,0.16
18186,16085,1280,0.16
41596,36470,1280,0.16
55841,55823,1280,0.16
31840,28383,1280,0.16
43131,39763,1280,0.16
38758,34992,1280,0.16
45119,43540,1280,0.16
43208,42671,1280,0.16
50742,50627,1280,0.16
53207,52117,1280,0.16
39321,34025,1280,0.16
33666,30570,1280,0.16
46883,46883,1280,0.16
43343,39760,1280,0.16
50603,49760,1280,0.16
18007,15279,1280,0.16
52258,51371,1280,0.16
27772,24786,1280,0.16
55122,54587,1280,0.16
51393,51158,1280,0.16
19901,16189,1280,0.16
15470,12298,1280,0.16
56332,56332,1280,0.16
53330,52209,1280,0.16
34572,30888,1280,0.16
25628,22812,1280,0.16
38667,36345,1280,0.32
44321,39325,1280,0.32
48073,47084,1280,0.32
49784,49784,1280,0.32
35770,30400,1280,0.32
45176,39376,1280,0.32
50428,48448,1280,0.32
47153,47153,1280,0.32
39180,33353,1280,0.32
41567,37133,1280,0.32
33621,30419,1280,0.32
13813,10059,1280,0.32
43182,37858,1280,0.32
45967,44140,1280,0.32
43222,38700,1280,0.32
46847,42826,1280,0.32
59121,55889,1280,0.32
25679,20983,1280,0.32
43413,43020,1280,0.32
37444,32513,1280,0.32
47488,46819,1280,0.32
50757,47088,1280,0.32
40704,35571,1280,0.32
18186,9931,1280,0.32
45571,38655,1280,0.32
41596,36960,1280,0.32
55841,54840,1280,0.32
31840,27852,1280,0.32
43131,36263,1280,0.32
38758,33632,1280,0.32
43208,42894,1280,0.32
50742,50571,1280,0.32
45119,43380,1280,0.32
53207,52498,1280,0.32
39321,33027,1280,0.32
46883,46883,1280,0.32
33666,29188,1280,0.32
18007,13045,1280,0.32
43343,40413,1280,0.32
50603,49723,1280,0.32
27772,24024,1280,0.32
52258,51992,1280,0.32
55122,53988,1280,0.32
51393,50741,1280,0.32
19901,12114,1280,0.32
53330,52447,1280,0.32
56332,55881,1280,0.32
15470,11685,1280,0.32
34572,30809,1280,0.32
25628,23124,1280,0.32
